ai_norway_forest/village_cycling_0000.mp4,1
ai_norway_forest/village_cycling_0001.mp4,1
ai_norway_forest/village_cycling_0002.mp4,1
ai_norway_forest/village_cycling_0003.mp4,1
ai_norway_forest/stitch_0003_nolora41.mp4,1
ai_norway_forest/village_cycling_0004.mp4,1
ai_norway_forest/village_cycling_0005.mp4,1
ai_norway_forest/village_cycling_0006.mp4,1
ai_norway_forest/village_cycling_0007.mp4,1
ai_norway_forest/stitch_0007_nolora41.mp4,1
ai_norway_forest/village_cycling_0008.mp4,1
ai_norway_forest/village_cycling_0009.mp4,1
ai_norway_forest/village_cycling_0010.mp4,1
ai_norway_forest/village_cycling_0011.mp4,1
ai_norway_forest/stitch_0011_nolora33.mp4,1
ai_norway_forest/village_cycling_0012.mp4,1
ai_norway_forest/village_cycling_0013.mp4,1
ai_norway_forest/village_cycling_0014.mp4,1
ai_norway_forest/village_cycling_0015.mp4,1
ai_norway_forest/stitch_0015_nolora33.mp4,1
ai_norway_forest/village_cycling_0016.mp4,1
ai_norway_forest/village_cycling_0017.mp4,1
ai_norway_forest/village_cycling_0018.mp4,1
ai_norway_forest/village_cycling_0019.mp4,1
ai_norway_forest/stitch_0019_lora41.mp4,1
ai_norway_forest/village_cycling_0020.mp4,1
ai_norway_forest/village_cycling_0021.mp4,1
ai_norway_forest/village_cycling_0022.mp4,1
ai_norway_forest/village_cycling_0023.mp4,1
ai_norway_forest/stitch_0023_lora41.mp4,1
ai_norway_forest/village_cycling_0024.mp4,1
ai_norway_forest/village_cycling_0025.mp4,1
ai_norway_forest/village_cycling_0026.mp4,1
ai_norway_forest/village_cycling_0027.mp4,1
ai_norway_forest/stitch_0027_lora41.mp4,1
ai_norway_forest/village_cycling_0028.mp4,1
ai_norway_forest/village_cycling_0029.mp4,1
ai_norway_forest/village_cycling_0030.mp4,1
ai_norway_forest/village_cycling_0031.mp4,1
ai_norway_forest/stitch_0031_nolora41.mp4,1
ai_norway_forest/village_cycling_0032.mp4,1
ai_norway_forest/village_cycling_0033.mp4,1
ai_norway_forest/village_cycling_0034.mp4,1
ai_norway_forest/village_cycling_0035.mp4,1
ai_norway_forest/stitch_0035_nolora41.mp4,1
ai_norway_forest/village_cycling_0036.mp4,1
ai_norway_forest/village_cycling_0037.mp4,1
ai_norway_forest/village_cycling_0038.mp4,1
ai_norway_forest/village_cycling_0039.mp4,1
ai_norway_forest/stitch_0039_lora41.mp4,1
ai_norway_forest/village_cycling_0040.mp4,1
ai_norway_forest/village_cycling_0041.mp4,1
ai_norway_forest/village_cycling_0042.mp4,1
ai_norway_forest/village_cycling_0043.mp4,1
ai_norway_forest/stitch_0043_nolora41.mp4,1
ai_norway_forest/village_cycling_0044.mp4,1
ai_norway_forest/village_cycling_0045.mp4,1
ai_norway_forest/village_cycling_0046.mp4,1
ai_norway_forest/village_cycling_0047.mp4,1
ai_norway_forest/stitch_0047_lora41.mp4,1
ai_norway_forest/village_cycling_0048.mp4,1
ai_norway_forest/village_cycling_0049.mp4,1
ai_norway_forest/village_cycling_0050.mp4,1
ai_norway_forest/village_cycling_0051.mp4,1
ai_norway_forest/stitch_0051_nolora41.mp4,1
ai_norway_forest/village_cycling_0052.mp4,1
ai_norway_forest/village_cycling_0053.mp4,1
ai_norway_forest/village_cycling_0054.mp4,1
ai_norway_forest/village_cycling_0055.mp4,1
ai_norway_forest/stitch_0055_lora41.mp4,1
ai_norway_forest/village_cycling_0056.mp4,1
ai_norway_forest/village_cycling_0057.mp4,1
ai_norway_forest/village_cycling_0058.mp4,1
ai_norway_forest/village_cycling_0059.mp4,1
ai_norway_forest/stitch_0059_lora41.mp4,1
ai_norway_forest/village_cycling_0060.mp4,1
ai_norway_forest/village_cycling_0061.mp4,1
ai_norway_forest/village_cycling_0062.mp4,1
ai_norway_forest/village_cycling_0063.mp4,1
ai_norway_forest/stitch_0063_lora41.mp4,1
ai_norway_forest/village_cycling_0064.mp4,1
ai_norway_forest/village_cycling_0065.mp4,1
ai_norway_forest/village_cycling_0066.mp4,1
ai_norway_forest/village_cycling_0067.mp4,1
ai_norway_forest/stitch_0067_nolora41.mp4,1
ai_norway_forest/village_cycling_0068.mp4,1
ai_norway_forest/village_cycling_0069.mp4,1
ai_norway_forest/village_cycling_0070.mp4,1
ai_norway_forest/village_cycling_0071.mp4,1
ai_norway_forest/stitch_0071_lora41.mp4,1
ai_norway_forest/village_cycling_0072.mp4,1
ai_norway_forest/village_cycling_0073.mp4,1
ai_norway_forest/village_cycling_0074.mp4,1
ai_norway_forest/village_cycling_0075.mp4,1
ai_norway_forest/stitch_0075_lora41.mp4,1
ai_norway_forest/village_cycling_0076.mp4,1
ai_norway_forest/village_cycling_0077.mp4,1
ai_norway_forest/village_cycling_0078.mp4,1
ai_norway_forest/village_cycling_0079.mp4,1
ai_norway_forest/stitch_0079_lora41.mp4,1
ai_norway_forest/village_cycling_0080.mp4,1
ai_norway_forest/village_cycling_0081.mp4,1
ai_norway_forest/village_cycling_0082.mp4,1
ai_norway_forest/village_cycling_0083.mp4,1
ai_norway_forest/stitch_0083_lora41.mp4,1
ai_norway_forest/village_cycling_0084.mp4,1
ai_norway_forest/village_cycling_0085.mp4,1
ai_norway_forest/village_cycling_0086.mp4,1
ai_norway_forest/village_cycling_0087.mp4,1
ai_norway_forest/stitch_0087_lora41.mp4,1
ai_norway_forest/village_cycling_0088.mp4,1
ai_norway_forest/village_cycling_0089.mp4,1
ai_norway_forest/village_cycling_0090.mp4,1
ai_norway_forest/village_cycling_0091.mp4,1
ai_norway_forest/stitch_0091_lora41.mp4,1
ai_norway_forest/village_cycling_0092.mp4,1
ai_norway_forest/village_cycling_0093.mp4,1
ai_norway_forest/village_cycling_0094.mp4,1
ai_norway_forest/village_cycling_0095.mp4,1
ai_norway_forest/stitch_0095_lora41.mp4,1
ai_norway_forest/village_cycling_0096.mp4,1
ai_norway_forest/village_cycling_0097.mp4,1
ai_norway_forest/village_cycling_0098.mp4,1
ai_norway_forest/village_cycling_0099.mp4,1
ai_norway_forest/stitch_0099_nolora33.mp4,1
ai_norway_forest/village_cycling_0100.mp4,1
ai_norway_forest/village_cycling_0101.mp4,1
ai_norway_forest/village_cycling_0102.mp4,1
ai_norway_forest/village_cycling_0103.mp4,1
ai_norway_forest/stitch_0103_lora41.mp4,1
ai_norway_forest/village_cycling_0104.mp4,1
ai_norway_forest/village_cycling_0105.mp4,1
ai_norway_forest/village_cycling_0106.mp4,1
ai_norway_forest/village_cycling_0107.mp4,1
ai_norway_forest/stitch_0107_lora41.mp4,1
ai_norway_forest/village_cycling_0108.mp4,1
ai_norway_forest/village_cycling_0109.mp4,1
ai_norway_forest/village_cycling_0110.mp4,1
ai_norway_forest/village_cycling_0111.mp4,1
ai_norway_forest/stitch_0111_lora41.mp4,1
ai_norway_forest/village_cycling_0112.mp4,1
ai_norway_forest/village_cycling_0113.mp4,1
ai_norway_forest/village_cycling_0114.mp4,1
ai_norway_forest/village_cycling_0115.mp4,1
ai_norway_forest/stitch_0115_lora41.mp4,1
ai_norway_forest/village_cycling_0116.mp4,1
ai_norway_forest/village_cycling_0117.mp4,1
ai_norway_forest/village_cycling_0118.mp4,1
ai_norway_forest/village_cycling_0119.mp4,1
ai_norway_forest/stitch_0119_lora41.mp4,1
ai_norway_forest/village_cycling_0120.mp4,1
ai_norway_forest/village_cycling_0121.mp4,1
ai_norway_forest/village_cycling_0122.mp4,1
ai_norway_forest/village_cycling_0123.mp4,1
ai_norway_forest/stitch_0123_lora41.mp4,1
ai_norway_forest/village_cycling_0124.mp4,1
ai_norway_forest/village_cycling_0125.mp4,1
ai_norway_forest/village_cycling_0126.mp4,1
ai_norway_forest/village_cycling_0127.mp4,1
ai_norway_forest/stitch_0127_lora41.mp4,1
ai_norway_forest/village_cycling_0128.mp4,1
ai_norway_forest/village_cycling_0129.mp4,1
ai_norway_forest/village_cycling_0130.mp4,1
ai_norway_forest/village_cycling_0131.mp4,1
ai_norway_forest/stitch_0131_lora41.mp4,1
ai_norway_forest/village_cycling_0132.mp4,1
ai_norway_forest/village_cycling_0133.mp4,1
ai_norway_forest/village_cycling_0134.mp4,1
ai_norway_forest/village_cycling_0135.mp4,1
ai_norway_forest/stitch_0135_lora41.mp4,1
ai_norway_forest/village_cycling_0136.mp4,1
ai_norway_forest/village_cycling_0137.mp4,1
ai_norway_forest/village_cycling_0138.mp4,1
ai_norway_forest/village_cycling_0139.mp4,1
ai_norway_forest/stitch_0139_lora41.mp4,1
ai_norway_forest/village_cycling_0140.mp4,1
ai_norway_forest/village_cycling_0141.mp4,1
ai_norway_forest/village_cycling_0142.mp4,1
ai_norway_forest/village_cycling_0143.mp4,1
ai_norway_forest/stitch_0143_lora41.mp4,1
ai_norway_forest/village_cycling_0144.mp4,1
ai_norway_forest/village_cycling_0145.mp4,1
ai_norway_forest/village_cycling_0146.mp4,1
ai_norway_forest/village_cycling_0147.mp4,1
ai_norway_forest/stitch_0147_lora41.mp4,1
ai_norway_forest/village_cycling_0148.mp4,1
ai_norway_forest/village_cycling_0149.mp4,1
ai_norway_forest/village_cycling_0150.mp4,1
ai_norway_forest/village_cycling_0151.mp4,1
ai_norway_forest/stitch_0151_lora41.mp4,1
ai_norway_forest/village_cycling_0152.mp4,1
ai_norway_forest/village_cycling_0153.mp4,1
ai_norway_forest/village_cycling_0154.mp4,1
ai_norway_forest/village_cycling_0155.mp4,1
ai_norway_forest/stitch_0155_lora41.mp4,1
ai_norway_forest/village_cycling_0156.mp4,1
ai_norway_forest/village_cycling_0157.mp4,1
ai_norway_forest/village_cycling_0158.mp4,1
ai_norway_forest/village_cycling_0159.mp4,1
ai_norway_forest/stitch_0159_lora41.mp4,1
ai_norway_forest/village_cycling_0160.mp4,1
ai_norway_forest/village_cycling_0161.mp4,1
ai_norway_forest/village_cycling_0162.mp4,1
ai_norway_forest/village_cycling_0163.mp4,1
ai_norway_forest/stitch_0163_lora41.mp4,1
ai_norway_forest/village_cycling_0164.mp4,1
ai_norway_forest/village_cycling_0165.mp4,1
ai_norway_forest/village_cycling_0166.mp4,1
ai_norway_forest/village_cycling_0167.mp4,1
ai_norway_forest/stitch_0167_lora41.mp4,1
ai_norway_forest/village_cycling_0168.mp4,1
ai_norway_forest/village_cycling_0169.mp4,1
ai_norway_forest/village_cycling_0170.mp4,1
ai_norway_forest/village_cycling_0171.mp4,1
ai_norway_forest/stitch_0171_lora41.mp4,1
ai_norway_forest/village_cycling_0172.mp4,1
ai_norway_forest/village_cycling_0173.mp4,1
ai_norway_forest/village_cycling_0174.mp4,1
ai_norway_forest/village_cycling_0175.mp4,1
ai_norway_forest/stitch_0175_lora41.mp4,1
ai_norway_forest/village_cycling_0176.mp4,1
ai_norway_forest/village_cycling_0177.mp4,1
ai_norway_forest/village_cycling_0178.mp4,1
ai_norway_forest/village_cycling_0179.mp4,1
ai_norway_forest/stitch_0179_lora41.mp4,1
ai_norway_forest/village_cycling_0180.mp4,1
ai_norway_forest/village_cycling_0181.mp4,1
ai_norway_forest/village_cycling_0182.mp4,1
ai_norway_forest/village_cycling_0183.mp4,1
ai_norway_forest/stitch_0183_lora41.mp4,1
ai_norway_forest/village_cycling_0184.mp4,1
ai_norway_forest/village_cycling_0185.mp4,1
ai_norway_forest/village_cycling_0186.mp4,1
ai_norway_forest/village_cycling_0187.mp4,1
ai_norway_forest/stitch_0187_lora41.mp4,1
ai_norway_forest/village_cycling_0188.mp4,1
ai_norway_forest/village_cycling_0189.mp4,1
ai_norway_forest/village_cycling_0190.mp4,1
ai_norway_forest/village_cycling_0191.mp4,1
ai_norway_forest/stitch_0191_nolora33.mp4,1
ai_norway_forest/village_cycling_0192.mp4,1
ai_norway_forest/village_cycling_0193.mp4,1
ai_norway_forest/village_cycling_0194.mp4,1
ai_norway_forest/village_cycling_0195.mp4,1
ai_norway_forest/stitch_0195_lora41.mp4,1
ai_norway_forest/village_cycling_0196.mp4,1
ai_norway_forest/village_cycling_0197.mp4,1
ai_norway_forest/village_cycling_0198.mp4,1
ai_norway_forest/village_cycling_0199.mp4,1
ai_norway_forest/stitch_0199_lora41.mp4,1
ai_norway_forest/village_cycling_0200.mp4,1
ai_norway_forest/village_cycling_0201.mp4,1
ai_norway_forest/village_cycling_0202.mp4,1
ai_norway_forest/village_cycling_0203.mp4,1
ai_norway_forest/village_cycling_0204.mp4,1
ai_norway_forest/village_cycling_0205.mp4,1
ai_norway_forest/village_cycling_0206.mp4,1
ai_norway_forest/village_cycling_0207.mp4,1
ai_norway_forest/stitch_0207_nolora41.mp4,1
ai_norway_forest/village_cycling_0208.mp4,1
ai_norway_forest/village_cycling_0209.mp4,1
ai_norway_forest/village_cycling_0210.mp4,1
ai_norway_forest/village_cycling_0211.mp4,1
ai_norway_forest/stitch_0211_nolora41.mp4,1
ai_norway_forest/village_cycling_0212.mp4,1
ai_norway_forest/village_cycling_0213.mp4,1
ai_norway_forest/village_cycling_0214.mp4,1
ai_norway_forest/village_cycling_0215.mp4,1
ai_norway_forest/stitch_0215_lora41.mp4,1
ai_norway_forest/village_cycling_0216.mp4,1
ai_norway_forest/village_cycling_0217.mp4,1
ai_norway_forest/village_cycling_0218.mp4,1
ai_norway_forest/village_cycling_0219.mp4,1
ai_norway_forest/stitch_0219_lora41.mp4,1
ai_norway_forest/village_cycling_0220.mp4,1
ai_norway_forest/village_cycling_0221.mp4,1
ai_norway_forest/village_cycling_0222.mp4,1
ai_norway_forest/village_cycling_0223.mp4,1
ai_norway_forest/stitch_0223_nolora41.mp4,1
ai_norway_forest/village_cycling_0224.mp4,1
ai_norway_forest/village_cycling_0225.mp4,1
ai_norway_forest/village_cycling_0226.mp4,1
ai_norway_forest/village_cycling_0227.mp4,1
ai_norway_forest/stitch_0227_nolora33.mp4,1
ai_norway_forest/village_cycling_0228.mp4,1
ai_norway_forest/village_cycling_0229.mp4,1
ai_norway_forest/village_cycling_0230.mp4,1
ai_norway_forest/village_cycling_0231.mp4,1
ai_norway_forest/stitch_0231_nolora41.mp4,1
ai_norway_forest/village_cycling_0232.mp4,1
ai_norway_forest/village_cycling_0233.mp4,1
ai_norway_forest/village_cycling_0234.mp4,1
ai_norway_forest/village_cycling_0235.mp4,1
ai_norway_forest/stitch_0235_nolora33.mp4,1
ai_norway_forest/village_cycling_0236.mp4,1
ai_norway_forest/village_cycling_0237.mp4,1
ai_norway_forest/village_cycling_0238.mp4,1
ai_norway_forest/village_cycling_0239.mp4,1
ai_norway_forest/stitch_0239_lora41.mp4,1
ai_norway_forest/village_cycling_0240.mp4,1
