scenic_road/village_cycling_0000.mp4,1
scenic_road/village_cycling_0001.mp4,1
scenic_road/village_cycling_0002.mp4,1
scenic_road/village_cycling_0003.mp4,1
scenic_road/village_cycling_0004.mp4,1
scenic_road/stitch_0004_nolora41.mp4,1
scenic_road/village_cycling_0005.mp4,1
scenic_road/village_cycling_0006.mp4,1
scenic_road/village_cycling_0007.mp4,1
scenic_road/village_cycling_0008.mp4,1
scenic_road/village_cycling_0009.mp4,1
scenic_road/stitch_0009_nolora41.mp4,1
scenic_road/village_cycling_0010.mp4,1
scenic_road/village_cycling_0011.mp4,1
scenic_road/village_cycling_0012.mp4,1
scenic_road/village_cycling_0013.mp4,1
scenic_road/village_cycling_0014.mp4,1
scenic_road/stitch_0014_nolora33.mp4,1
scenic_road/village_cycling_0015.mp4,1
scenic_road/village_cycling_0016.mp4,1
scenic_road/village_cycling_0017.mp4,1
scenic_road/village_cycling_0018.mp4,1
scenic_road/village_cycling_0019.mp4,1
scenic_road/stitch_0019_nolora33.mp4,1
scenic_road/village_cycling_0020.mp4,1
scenic_road/village_cycling_0021.mp4,1
scenic_road/village_cycling_0022.mp4,1
scenic_road/village_cycling_0023.mp4,1
scenic_road/village_cycling_0024.mp4,1
scenic_road/stitch_0024_lora41.mp4,1
scenic_road/village_cycling_0025.mp4,1
scenic_road/village_cycling_0026.mp4,1
scenic_road/village_cycling_0027.mp4,1
scenic_road/village_cycling_0028.mp4,1
scenic_road/village_cycling_0029.mp4,1
scenic_road/stitch_0029_nolora33.mp4,1
scenic_road/village_cycling_0030.mp4,1
scenic_road/village_cycling_0031.mp4,1
scenic_road/village_cycling_0032.mp4,1
scenic_road/village_cycling_0033.mp4,1
scenic_road/village_cycling_0034.mp4,1
scenic_road/stitch_0034_lora41.mp4,1
scenic_road/village_cycling_0035.mp4,1
scenic_road/village_cycling_0036.mp4,1
scenic_road/village_cycling_0037.mp4,1
scenic_road/village_cycling_0038.mp4,1
scenic_road/village_cycling_0039.mp4,1
scenic_road/stitch_0039_nolora41.mp4,1
scenic_road/village_cycling_0040.mp4,1
scenic_road/village_cycling_0041.mp4,1
scenic_road/village_cycling_0042.mp4,1
scenic_road/village_cycling_0043.mp4,1
scenic_road/village_cycling_0044.mp4,1
scenic_road/stitch_0044_lora41.mp4,1
scenic_road/village_cycling_0045.mp4,1
scenic_road/village_cycling_0046.mp4,1
scenic_road/village_cycling_0047.mp4,1
scenic_road/village_cycling_0048.mp4,1
scenic_road/village_cycling_0049.mp4,1
scenic_road/stitch_0049_lora41.mp4,1
scenic_road/village_cycling_0050.mp4,1
scenic_road/village_cycling_0051.mp4,1
scenic_road/village_cycling_0052.mp4,1
scenic_road/village_cycling_0053.mp4,1
scenic_road/village_cycling_0054.mp4,1
scenic_road/stitch_0054_lora41.mp4,1
scenic_road/village_cycling_0055.mp4,1
scenic_road/village_cycling_0056.mp4,1
scenic_road/village_cycling_0057.mp4,1
scenic_road/village_cycling_0058.mp4,1
scenic_road/village_cycling_0059.mp4,1
scenic_road/stitch_0059_lora41.mp4,1
scenic_road/village_cycling_0060.mp4,1
scenic_road/village_cycling_0061.mp4,1
scenic_road/village_cycling_0062.mp4,1
scenic_road/village_cycling_0063.mp4,1
scenic_road/village_cycling_0064.mp4,1
scenic_road/stitch_0064_lora41.mp4,1
scenic_road/village_cycling_0065.mp4,1
scenic_road/village_cycling_0066.mp4,1
scenic_road/village_cycling_0067.mp4,1
scenic_road/village_cycling_0068.mp4,1
scenic_road/village_cycling_0069.mp4,1
scenic_road/stitch_0069_nolora33.mp4,1
scenic_road/village_cycling_0070.mp4,1
scenic_road/village_cycling_0071.mp4,1
scenic_road/village_cycling_0072.mp4,1
scenic_road/village_cycling_0073.mp4,1
scenic_road/village_cycling_0074.mp4,1
scenic_road/stitch_0074_nolora33.mp4,1
scenic_road/village_cycling_0075.mp4,1
scenic_road/village_cycling_0076.mp4,1
scenic_road/village_cycling_0077.mp4,1
scenic_road/village_cycling_0078.mp4,1
scenic_road/village_cycling_0079.mp4,1
scenic_road/stitch_0079_lora41.mp4,1
scenic_road/village_cycling_0080.mp4,1
scenic_road/village_cycling_0081.mp4,1
scenic_road/village_cycling_0082.mp4,1
scenic_road/village_cycling_0083.mp4,1
scenic_road/village_cycling_0084.mp4,1
scenic_road/stitch_0084_nolora41.mp4,1
scenic_road/village_cycling_0085.mp4,1
scenic_road/village_cycling_0086.mp4,1
scenic_road/village_cycling_0087.mp4,1
scenic_road/village_cycling_0088.mp4,1
scenic_road/village_cycling_0089.mp4,1
scenic_road/stitch_0089_lora41.mp4,1
scenic_road/village_cycling_0090.mp4,1
scenic_road/village_cycling_0091.mp4,1
scenic_road/village_cycling_0092.mp4,1
scenic_road/village_cycling_0093.mp4,1
scenic_road/village_cycling_0094.mp4,1
scenic_road/stitch_0094_lora41.mp4,1
scenic_road/village_cycling_0095.mp4,1
scenic_road/village_cycling_0096.mp4,1
scenic_road/village_cycling_0097.mp4,1
scenic_road/village_cycling_0098.mp4,1
scenic_road/village_cycling_0099.mp4,1
scenic_road/stitch_0099_lora41.mp4,1
scenic_road/village_cycling_0100.mp4,1
scenic_road/village_cycling_0101.mp4,1
scenic_road/village_cycling_0102.mp4,1
scenic_road/village_cycling_0103.mp4,1
scenic_road/village_cycling_0104.mp4,1
scenic_road/stitch_0104_lora41.mp4,1
scenic_road/village_cycling_0105.mp4,1
scenic_road/village_cycling_0106.mp4,1
scenic_road/village_cycling_0107.mp4,1
scenic_road/village_cycling_0108.mp4,1
scenic_road/village_cycling_0109.mp4,1
scenic_road/stitch_0109_lora41.mp4,1
scenic_road/village_cycling_0110.mp4,1
scenic_road/village_cycling_0111.mp4,1
scenic_road/village_cycling_0112.mp4,1
scenic_road/village_cycling_0113.mp4,1
scenic_road/village_cycling_0114.mp4,1
scenic_road/stitch_0114_lora41.mp4,1
scenic_road/village_cycling_0115.mp4,1
scenic_road/village_cycling_0116.mp4,1
scenic_road/village_cycling_0117.mp4,1
scenic_road/village_cycling_0118.mp4,1
scenic_road/village_cycling_0119.mp4,1
scenic_road/stitch_0119_lora41.mp4,1
scenic_road/village_cycling_0120.mp4,1
scenic_road/village_cycling_0121.mp4,1
scenic_road/village_cycling_0122.mp4,1
scenic_road/village_cycling_0123.mp4,1
scenic_road/village_cycling_0124.mp4,1
scenic_road/stitch_0124_lora41.mp4,1
scenic_road/village_cycling_0125.mp4,1
scenic_road/village_cycling_0126.mp4,1
scenic_road/village_cycling_0127.mp4,1
scenic_road/village_cycling_0128.mp4,1
scenic_road/village_cycling_0129.mp4,1
scenic_road/stitch_0129_lora41.mp4,1
scenic_road/village_cycling_0130.mp4,1
scenic_road/village_cycling_0131.mp4,1
scenic_road/village_cycling_0132.mp4,1
scenic_road/village_cycling_0133.mp4,1
scenic_road/village_cycling_0134.mp4,1
scenic_road/stitch_0134_nolora33.mp4,1
scenic_road/village_cycling_0135.mp4,1
scenic_road/village_cycling_0136.mp4,1
scenic_road/village_cycling_0137.mp4,1
scenic_road/village_cycling_0138.mp4,1
scenic_road/village_cycling_0139.mp4,1
scenic_road/stitch_0139_lora41.mp4,1
scenic_road/village_cycling_0140.mp4,1
scenic_road/village_cycling_0141.mp4,1
scenic_road/village_cycling_0142.mp4,1
scenic_road/village_cycling_0143.mp4,1
scenic_road/village_cycling_0144.mp4,1
scenic_road/stitch_0144_nolora41.mp4,1
scenic_road/village_cycling_0145.mp4,1
scenic_road/village_cycling_0146.mp4,1
scenic_road/village_cycling_0147.mp4,1
scenic_road/village_cycling_0148.mp4,1
scenic_road/village_cycling_0149.mp4,1
scenic_road/stitch_0149_nolora33.mp4,1
scenic_road/village_cycling_0150.mp4,1
scenic_road/village_cycling_0151.mp4,1
scenic_road/village_cycling_0152.mp4,1
scenic_road/village_cycling_0153.mp4,1
scenic_road/village_cycling_0154.mp4,1
scenic_road/stitch_0154_lora41.mp4,1
scenic_road/village_cycling_0155.mp4,1
scenic_road/village_cycling_0156.mp4,1
scenic_road/village_cycling_0157.mp4,1
scenic_road/village_cycling_0158.mp4,1
scenic_road/village_cycling_0159.mp4,1
scenic_road/stitch_0159_nolora41.mp4,1
scenic_road/village_cycling_0160.mp4,1
scenic_road/village_cycling_0161.mp4,1
scenic_road/village_cycling_0162.mp4,1
scenic_road/village_cycling_0163.mp4,1
scenic_road/village_cycling_0164.mp4,1
scenic_road/stitch_0164_nolora41.mp4,1
scenic_road/village_cycling_0165.mp4,1
scenic_road/village_cycling_0166.mp4,1
scenic_road/village_cycling_0167.mp4,1
scenic_road/village_cycling_0168.mp4,1
scenic_road/village_cycling_0169.mp4,1
scenic_road/stitch_0169_lora41.mp4,1
scenic_road/village_cycling_0170.mp4,1
scenic_road/village_cycling_0171.mp4,1
scenic_road/village_cycling_0172.mp4,1
scenic_road/village_cycling_0173.mp4,1
scenic_road/village_cycling_0174.mp4,1
scenic_road/stitch_0174_lora41.mp4,1
scenic_road/village_cycling_0175.mp4,1
scenic_road/village_cycling_0176.mp4,1
scenic_road/village_cycling_0177.mp4,1
scenic_road/village_cycling_0178.mp4,1
scenic_road/village_cycling_0179.mp4,1
scenic_road/stitch_0179_nolora41.mp4,1
scenic_road/village_cycling_0180.mp4,1
scenic_road/village_cycling_0181.mp4,1
scenic_road/village_cycling_0182.mp4,1
scenic_road/village_cycling_0183.mp4,1
scenic_road/village_cycling_0184.mp4,1
scenic_road/stitch_0184_nolora33.mp4,1
scenic_road/village_cycling_0185.mp4,1
scenic_road/village_cycling_0186.mp4,1
scenic_road/village_cycling_0187.mp4,1
scenic_road/village_cycling_0188.mp4,1
scenic_road/village_cycling_0189.mp4,1
scenic_road/stitch_0189_lora41.mp4,1
scenic_road/village_cycling_0190.mp4,1
scenic_road/village_cycling_0191.mp4,1
scenic_road/village_cycling_0192.mp4,1
scenic_road/village_cycling_0193.mp4,1
scenic_road/village_cycling_0194.mp4,1
scenic_road/stitch_0194_nolora41.mp4,1
scenic_road/village_cycling_0195.mp4,1
scenic_road/village_cycling_0196.mp4,1
scenic_road/village_cycling_0197.mp4,1
scenic_road/village_cycling_0198.mp4,1
scenic_road/village_cycling_0199.mp4,1
scenic_road/stitch_0199_nolora33.mp4,1
scenic_road/village_cycling_0200.mp4,1
scenic_road/village_cycling_0201.mp4,1
scenic_road/village_cycling_0202.mp4,1
scenic_road/village_cycling_0203.mp4,1
scenic_road/village_cycling_0204.mp4,1
scenic_road/stitch_0204_lora41.mp4,1
scenic_road/village_cycling_0205.mp4,1
scenic_road/village_cycling_0206.mp4,1
scenic_road/village_cycling_0207.mp4,1
scenic_road/village_cycling_0208.mp4,1
scenic_road/village_cycling_0209.mp4,1
scenic_road/stitch_0209_nolora33.mp4,1
scenic_road/village_cycling_0210.mp4,1
scenic_road/village_cycling_0211.mp4,1
scenic_road/village_cycling_0212.mp4,1
scenic_road/village_cycling_0213.mp4,1
scenic_road/village_cycling_0214.mp4,1
scenic_road/stitch_0214_nolora33.mp4,1
scenic_road/village_cycling_0215.mp4,1
scenic_road/village_cycling_0216.mp4,1
scenic_road/village_cycling_0217.mp4,1
scenic_road/village_cycling_0218.mp4,1
scenic_road/village_cycling_0219.mp4,1
scenic_road/stitch_0219_lora41.mp4,1
scenic_road/village_cycling_0220.mp4,1
scenic_road/village_cycling_0221.mp4,1
scenic_road/village_cycling_0222.mp4,1
scenic_road/village_cycling_0223.mp4,1
scenic_road/village_cycling_0224.mp4,1
scenic_road/stitch_0224_lora41.mp4,1
scenic_road/village_cycling_0225.mp4,1
scenic_road/village_cycling_0226.mp4,1
scenic_road/village_cycling_0227.mp4,1
scenic_road/village_cycling_0228.mp4,1
scenic_road/village_cycling_0229.mp4,1
scenic_road/stitch_0229_lora41.mp4,1
scenic_road/village_cycling_0230.mp4,1
scenic_road/village_cycling_0231.mp4,1
scenic_road/village_cycling_0232.mp4,1
scenic_road/village_cycling_0233.mp4,1
scenic_road/village_cycling_0234.mp4,1
scenic_road/stitch_0234_lora41.mp4,1
scenic_road/village_cycling_0235.mp4,1
scenic_road/village_cycling_0236.mp4,1
scenic_road/village_cycling_0237.mp4,1
scenic_road/village_cycling_0238.mp4,1
scenic_road/village_cycling_0239.mp4,1
scenic_road/stitch_0239_lora41.mp4,1
scenic_road/village_cycling_0240.mp4,1
scenic_road/village_cycling_0241.mp4,1
scenic_road/village_cycling_0242.mp4,1
scenic_road/village_cycling_0243.mp4,1
scenic_road/village_cycling_0244.mp4,1
scenic_road/stitch_0244_nolora33.mp4,1
scenic_road/village_cycling_0245.mp4,1
scenic_road/village_cycling_0246.mp4,1
scenic_road/village_cycling_0247.mp4,1
scenic_road/village_cycling_0248.mp4,1
scenic_road/village_cycling_0249.mp4,1
scenic_road/stitch_0249_nolora33.mp4,1
scenic_road/village_cycling_0250.mp4,1
scenic_road/village_cycling_0251.mp4,1
scenic_road/village_cycling_0252.mp4,1
scenic_road/village_cycling_0253.mp4,1
scenic_road/village_cycling_0254.mp4,1
scenic_road/stitch_0254_lora41.mp4,1
scenic_road/village_cycling_0255.mp4,1
scenic_road/village_cycling_0256.mp4,1
scenic_road/village_cycling_0257.mp4,1
scenic_road/village_cycling_0258.mp4,1
scenic_road/village_cycling_0259.mp4,1
scenic_road/stitch_0259_lora41.mp4,1
scenic_road/village_cycling_0260.mp4,1
scenic_road/village_cycling_0261.mp4,1
scenic_road/village_cycling_0262.mp4,1
scenic_road/village_cycling_0263.mp4,1
scenic_road/village_cycling_0264.mp4,1
scenic_road/stitch_0264_lora41.mp4,1
scenic_road/village_cycling_0265.mp4,1
scenic_road/village_cycling_0266.mp4,1
scenic_road/village_cycling_0267.mp4,1
scenic_road/village_cycling_0268.mp4,1
scenic_road/village_cycling_0269.mp4,1
scenic_road/stitch_0269_nolora33.mp4,1
scenic_road/village_cycling_0270.mp4,1
scenic_road/village_cycling_0271.mp4,1
scenic_road/village_cycling_0272.mp4,1
scenic_road/village_cycling_0273.mp4,1
scenic_road/village_cycling_0274.mp4,1
scenic_road/stitch_0274_lora41.mp4,1
scenic_road/village_cycling_0275.mp4,1
scenic_road/village_cycling_0276.mp4,1
scenic_road/village_cycling_0277.mp4,1
scenic_road/village_cycling_0278.mp4,1
scenic_road/village_cycling_0279.mp4,1
scenic_road/stitch_0279_lora41.mp4,1
scenic_road/village_cycling_0280.mp4,1
scenic_road/village_cycling_0281.mp4,1
scenic_road/village_cycling_0282.mp4,1
scenic_road/village_cycling_0283.mp4,1
scenic_road/village_cycling_0284.mp4,1
scenic_road/stitch_0284_lora41.mp4,1
scenic_road/village_cycling_0285.mp4,1
scenic_road/village_cycling_0286.mp4,1
scenic_road/village_cycling_0287.mp4,1
scenic_road/village_cycling_0288.mp4,1
scenic_road/village_cycling_0289.mp4,1
scenic_road/stitch_0289_nolora41.mp4,1
scenic_road/village_cycling_0290.mp4,1
scenic_road/village_cycling_0291.mp4,1
scenic_road/village_cycling_0292.mp4,1
scenic_road/village_cycling_0293.mp4,1
scenic_road/village_cycling_0294.mp4,1
scenic_road/stitch_0294_lora41.mp4,1
scenic_road/village_cycling_0295.mp4,1
scenic_road/village_cycling_0296.mp4,1
scenic_road/village_cycling_0297.mp4,1
scenic_road/village_cycling_0298.mp4,1
scenic_road/village_cycling_0299.mp4,1
scenic_road/stitch_0299_lora41.mp4,1
scenic_road/village_cycling_0300.mp4,1
